C_in,C_pos,kernel_in,kernel_pos,n,accuracy_in,accuracy_pos
0.1,0.1,linear,linear,7,0.7943262411347518,0.5689655172413793
0.1,0.1,linear,linear,12,0.7375886524822695,0.3684210526315789
0.1,0.1,linear,linear,17,0.6737588652482269,0.3897058823529412
0.1,0.1,linear,rbf,7,0.8652482269503546,0.15789473684210525
0.1,0.1,linear,rbf,12,0.7340425531914894,0.047058823529411764
0.1,0.1,linear,rbf,17,0.7092198581560284,0.05426356589147287
0.1,0.1,linear,sigmoid,7,0.8262411347517731,0.16326530612244897
0.1,0.1,linear,sigmoid,12,0.7411347517730497,0.06666666666666667
0.1,0.1,linear,sigmoid,17,0.7269503546099291,0.03125
0.1,0.1,linear,poly,7,0.8687943262411347,0.10810810810810811
0.1,0.1,linear,poly,12,0.7375886524822695,0.0967741935483871
0.1,0.1,linear,poly,17,0.7163120567375887,0.07258064516129033
0.1,0.1,rbf,linear,7,0.8262411347517731,0.5510204081632653
0.1,0.1,rbf,linear,12,0.6985815602836879,0.43529411764705883
0.1,0.1,rbf,linear,17,0.5638297872340425,0.3089430894308943
0.1,0.1,rbf,rbf,7,0.8297872340425532,0.25
0.1,0.1,rbf,rbf,12,0.723404255319149,0.11538461538461539
0.1,0.1,rbf,rbf,17,0.5141843971631206,0.072992700729927
0.1,0.1,rbf,sigmoid,7,0.8368794326241135,0.2391304347826087
0.1,0.1,rbf,sigmoid,12,0.6737588652482269,0.13043478260869565
0.1,0.1,rbf,sigmoid,17,0.5141843971631206,0.058394160583941604
0.1,0.1,rbf,poly,7,0.8014184397163121,0.07142857142857142
0.1,0.1,rbf,poly,12,0.723404255319149,0.11538461538461539
0.1,0.1,rbf,poly,17,0.5425531914893617,0.023255813953488372
0.1,0.1,sigmoid,linear,7,0.8794326241134752,0.4411764705882353
0.1,0.1,sigmoid,linear,12,0.7340425531914894,0.52
0.1,0.1,sigmoid,linear,17,0.6985815602836879,0.4222222222222222
0.1,0.1,sigmoid,rbf,7,0.8333333333333334,0.14893617021276595
0.1,0.1,sigmoid,rbf,12,0.7375886524822695,0.17567567567567569
0.1,0.1,sigmoid,rbf,17,0.6453900709219859,0.04316546762589928
0.1,0.1,sigmoid,sigmoid,7,0.8368794326241135,0.17391304347826086
0.1,0.1,sigmoid,sigmoid,12,0.6985815602836879,0.1411764705882353
0.1,0.1,sigmoid,sigmoid,17,0.7127659574468085,0.07586206896551724
0.1,0.1,sigmoid,poly,7,0.8581560283687943,0.275
0.1,0.1,sigmoid,poly,12,0.7446808510638298,0.09722222222222222
0.1,0.1,sigmoid,poly,17,0.6063829787234043,0.06818181818181818
0.1,0.1,poly,linear,7,0.8262411347517731,0.3673469387755102
0.1,0.1,poly,linear,12,0.6985815602836879,0.3764705882352941
0.1,0.1,poly,linear,17,0.5141843971631206,0.3284671532846715
0.1,0.1,poly,rbf,7,0.8652482269503546,0.10526315789473684
0.1,0.1,poly,rbf,12,0.7269503546099291,0.18181818181818182
0.1,0.1,poly,rbf,17,0.5815602836879432,0.05084745762711865
0.1,0.1,poly,sigmoid,7,0.8368794326241135,0.15217391304347827
0.1,0.1,poly,sigmoid,12,0.6631205673758865,0.09473684210526316
0.1,0.1,poly,sigmoid,17,0.5390070921985816,0.06923076923076923
0.1,0.1,poly,poly,7,0.8226950354609929,0.2
0.1,0.1,poly,poly,12,0.6985815602836879,0.12941176470588237
0.1,0.1,poly,poly,17,0.5177304964539007,0.0821917808219178
0.1,1.0,linear,linear,7,0.8865248226950354,0.375
0.1,1.0,linear,linear,12,0.74822695035461,0.3488372093023256
0.1,1.0,linear,linear,17,0.723404255319149,0.4418604651162791
0.1,1.0,linear,rbf,7,0.851063829787234,0.40476190476190477
0.1,1.0,linear,rbf,12,0.7446808510638298,0.38823529411764707
0.1,1.0,linear,rbf,17,0.6914893617021277,0.4015151515151515
0.1,1.0,linear,sigmoid,7,0.8333333333333334,0.3829787234042553
0.1,1.0,linear,sigmoid,12,0.7304964539007093,0.36904761904761907
0.1,1.0,linear,sigmoid,17,0.6773049645390071,0.352
0.1,1.0,linear,poly,7,0.8546099290780141,0.43902439024390244
0.1,1.0,linear,poly,12,0.75177304964539,0.25882352941176473
0.1,1.0,linear,poly,17,0.6843971631205674,0.2923076923076923
0.1,1.0,rbf,linear,7,0.8262411347517731,0.4897959183673469
0.1,1.0,rbf,linear,12,0.7269503546099291,0.37662337662337664
0.1,1.0,rbf,linear,17,0.5390070921985816,0.3533834586466165
0.1,1.0,rbf,rbf,7,0.8439716312056738,0.38636363636363635
0.1,1.0,rbf,rbf,12,0.7340425531914894,0.4533333333333333
0.1,1.0,rbf,rbf,17,0.5460992907801419,0.328125
0.1,1.0,rbf,sigmoid,7,0.851063829787234,0.47619047619047616
0.1,1.0,rbf,sigmoid,12,0.7836879432624113,0.47540983606557374
0.1,1.0,rbf,sigmoid,17,0.5460992907801419,0.40625
0.1,1.0,rbf,poly,7,0.8226950354609929,0.4
0.1,1.0,rbf,poly,12,0.7375886524822695,0.17567567567567569
0.1,1.0,rbf,poly,17,0.5283687943262412,0.22556390977443608
0.1,1.0,sigmoid,linear,7,0.8687943262411347,0.5135135135135135
0.1,1.0,sigmoid,linear,12,0.6843971631205674,0.3146067415730337
0.1,1.0,sigmoid,linear,17,0.6560283687943262,0.425
0.1,1.0,sigmoid,rbf,7,0.8262411347517731,0.4897959183673469
0.1,1.0,sigmoid,rbf,12,0.6773049645390071,0.34065934065934067
0.1,1.0,sigmoid,rbf,17,0.6773049645390071,0.38848920863309355
0.1,1.0,sigmoid,sigmoid,7,0.8262411347517731,0.4897959183673469
0.1,1.0,sigmoid,sigmoid,12,0.6914893617021277,0.40229885057471265
0.1,1.0,sigmoid,sigmoid,17,0.6702127659574468,0.36231884057971014
0.1,1.0,sigmoid,poly,7,0.8723404255319149,0.2777777777777778
0.1,1.0,sigmoid,poly,12,0.6773049645390071,0.13186813186813187
0.1,1.0,sigmoid,poly,17,0.6560283687943262,0.17391304347826086
0.1,1.0,poly,linear,7,0.8191489361702128,0.23529411764705882
0.1,1.0,poly,linear,12,0.6950354609929078,0.36046511627906974
0.1,1.0,poly,linear,17,0.46808510638297873,0.3333333333333333
0.1,1.0,poly,rbf,7,0.8581560283687943,0.65
0.1,1.0,poly,rbf,12,0.6950354609929078,0.4069767441860465
0.1,1.0,poly,rbf,17,0.4787234042553192,0.2789115646258503
0.1,1.0,poly,sigmoid,7,0.8475177304964538,0.627906976744186
0.1,1.0,poly,sigmoid,12,0.7056737588652482,0.42168674698795183
0.1,1.0,poly,sigmoid,17,0.5531914893617021,0.4444444444444444
0.1,1.0,poly,poly,7,0.8333333333333334,0.3617021276595745
0.1,1.0,poly,poly,12,0.7127659574468085,0.07407407407407407
0.1,1.0,poly,poly,17,0.5638297872340425,0.17073170731707318
0.1,2.0,linear,linear,7,0.8652482269503546,0.47368421052631576
0.1,2.0,linear,linear,12,0.776595744680851,0.3972602739726027
0.1,2.0,linear,linear,17,0.7411347517730497,0.40476190476190477
0.1,2.0,linear,rbf,7,0.8546099290780141,0.5121951219512195
0.1,2.0,linear,rbf,12,0.7695035460992907,0.3625
0.1,2.0,linear,rbf,17,0.7269503546099291,0.4744525547445255
0.1,2.0,linear,sigmoid,7,0.8333333333333334,0.48936170212765956
0.1,2.0,linear,sigmoid,12,0.7056737588652482,0.4117647058823529
0.1,2.0,linear,sigmoid,17,0.7269503546099291,0.3805970149253731
0.1,2.0,linear,poly,7,0.8404255319148937,0.4222222222222222
0.1,2.0,linear,poly,12,0.6808510638297872,0.1744186046511628
0.1,2.0,linear,poly,17,0.7375886524822695,0.22413793103448276
0.1,2.0,rbf,linear,7,0.8368794326241135,0.45652173913043476
0.1,2.0,rbf,linear,12,0.6843971631205674,0.38202247191011235
0.1,2.0,rbf,linear,17,0.48936170212765956,0.3055555555555556
0.1,2.0,rbf,rbf,7,0.8581560283687943,0.475
0.1,2.0,rbf,rbf,12,0.7021276595744681,0.4880952380952381
0.1,2.0,rbf,rbf,17,0.5106382978723404,0.3722627737226277
0.1,2.0,rbf,sigmoid,7,0.8794326241134752,0.47058823529411764
0.1,2.0,rbf,sigmoid,12,0.6453900709219859,0.48
0.1,2.0,rbf,sigmoid,17,0.4787234042553192,0.38636363636363635
0.1,2.0,rbf,poly,7,0.8439716312056738,0.36363636363636365
0.1,2.0,rbf,poly,12,0.6950354609929078,0.26744186046511625
0.1,2.0,rbf,poly,17,0.5106382978723404,0.18840579710144928
0.1,2.0,sigmoid,linear,7,0.8936170212765957,0.26666666666666666
0.1,2.0,sigmoid,linear,12,0.6985815602836879,0.32941176470588235
0.1,2.0,sigmoid,linear,17,0.6170212765957447,0.45038167938931295
0.1,2.0,sigmoid,rbf,7,0.8404255319148937,0.5333333333333333
0.1,2.0,sigmoid,rbf,12,0.75177304964539,0.4142857142857143
0.1,2.0,sigmoid,rbf,17,0.6347517730496454,0.4057971014492754
0.1,2.0,sigmoid,sigmoid,7,0.875886524822695,0.42857142857142855
0.1,2.0,sigmoid,sigmoid,12,0.7340425531914894,0.5066666666666667
0.1,2.0,sigmoid,sigmoid,17,0.6879432624113475,0.4148148148148148
0.1,2.0,sigmoid,poly,7,0.851063829787234,0.42857142857142855
0.1,2.0,sigmoid,poly,12,0.7163120567375887,0.25
0.1,2.0,sigmoid,poly,17,0.7304964539007093,0.2740740740740741
0.1,2.0,poly,linear,7,0.8439716312056738,0.38636363636363635
0.1,2.0,poly,linear,12,0.7304964539007093,0.3684210526315789
0.1,2.0,poly,linear,17,0.5035460992907801,0.3357142857142857
0.1,2.0,poly,rbf,7,0.8475177304964538,0.5813953488372093
0.1,2.0,poly,rbf,12,0.6914893617021277,0.45977011494252873
0.1,2.0,poly,rbf,17,0.5815602836879432,0.3644067796610169
0.1,2.0,poly,sigmoid,7,0.8262411347517731,0.42857142857142855
0.1,2.0,poly,sigmoid,12,0.7198581560283688,0.45569620253164556
0.1,2.0,poly,sigmoid,17,0.5070921985815603,0.4028776978417266
0.1,2.0,poly,poly,7,0.8652482269503546,0.2894736842105263
0.1,2.0,poly,poly,12,0.6985815602836879,0.15294117647058825
0.1,2.0,poly,poly,17,0.5,0.24822695035460993
1.0,0.1,linear,linear,7,0.8475177304964538,0.5609756097560976
1.0,0.1,linear,linear,12,0.6773049645390071,0.4731182795698925
1.0,0.1,linear,linear,17,0.6560283687943262,0.40397350993377484
1.0,0.1,linear,rbf,7,0.8049645390070922,0.3392857142857143
1.0,0.1,linear,rbf,12,0.7127659574468085,0.06578947368421052
1.0,0.1,linear,rbf,17,0.7127659574468085,0.08029197080291971
1.0,0.1,linear,sigmoid,7,0.8723404255319149,0.14285714285714285
1.0,0.1,linear,sigmoid,12,0.7269503546099291,0.09859154929577464
1.0,0.1,linear,sigmoid,17,0.6808510638297872,0.05384615384615385
1.0,0.1,linear,poly,7,0.8191489361702128,0.1875
1.0,0.1,linear,poly,12,0.7553191489361702,0.09523809523809523
1.0,0.1,linear,poly,17,0.6950354609929078,0.07692307692307693
1.0,0.1,rbf,linear,7,0.8546099290780141,0.4146341463414634
1.0,0.1,rbf,linear,12,0.7163120567375887,0.45454545454545453
1.0,0.1,rbf,linear,17,0.723404255319149,0.42857142857142855
1.0,0.1,rbf,rbf,7,0.8404255319148937,0.2
1.0,0.1,rbf,rbf,12,0.723404255319149,0.09411764705882353
1.0,0.1,rbf,rbf,17,0.7056737588652482,0.07317073170731707
1.0,0.1,rbf,sigmoid,7,0.8404255319148937,0.15555555555555556
1.0,0.1,rbf,sigmoid,12,0.7801418439716312,0.09333333333333334
1.0,0.1,rbf,sigmoid,17,0.7375886524822695,0.0851063829787234
1.0,0.1,rbf,poly,7,0.8687943262411347,0.16216216216216217
1.0,0.1,rbf,poly,12,0.7978723404255319,0.04225352112676056
1.0,0.1,rbf,poly,17,0.7695035460992907,0.0390625
1.0,0.1,sigmoid,linear,7,0.8439716312056738,0.5
1.0,0.1,sigmoid,linear,12,0.75177304964539,0.4819277108433735
1.0,0.1,sigmoid,linear,17,0.7021276595744681,0.41379310344827586
1.0,0.1,sigmoid,rbf,7,0.8617021276595744,0.20512820512820512
1.0,0.1,sigmoid,rbf,12,0.776595744680851,0.058823529411764705
1.0,0.1,sigmoid,rbf,17,0.7092198581560284,0.05185185185185185
1.0,0.1,sigmoid,sigmoid,7,0.8297872340425532,0.16666666666666666
1.0,0.1,sigmoid,sigmoid,12,0.7304964539007093,0.12345679012345678
1.0,0.1,sigmoid,sigmoid,17,0.7056737588652482,0.0975609756097561
1.0,0.1,sigmoid,poly,7,0.8865248226950354,0.1935483870967742
1.0,0.1,sigmoid,poly,12,0.7092198581560284,0.09574468085106383
1.0,0.1,sigmoid,poly,17,0.6985815602836879,0.06923076923076923
1.0,0.1,poly,linear,7,0.8262411347517731,0.4166666666666667
1.0,0.1,poly,linear,12,0.7127659574468085,0.3977272727272727
1.0,0.1,poly,linear,17,0.6560283687943262,0.4370860927152318
1.0,0.1,poly,rbf,7,0.8971631205673759,0.10344827586206896
1.0,0.1,poly,rbf,12,0.7163120567375887,0.10975609756097561
1.0,0.1,poly,rbf,17,0.7198581560283688,0.031496062992125984
1.0,0.1,poly,sigmoid,7,0.8262411347517731,0.1875
1.0,0.1,poly,sigmoid,12,0.6879432624113475,0.14130434782608695
1.0,0.1,poly,sigmoid,17,0.6773049645390071,0.047619047619047616
1.0,0.1,poly,poly,7,0.8085106382978723,0.14285714285714285
1.0,0.1,poly,poly,12,0.7624113475177305,0.10294117647058823
1.0,0.1,poly,poly,17,0.7553191489361702,0.07258064516129033
1.0,1.0,linear,linear,7,0.8085106382978723,0.5192307692307693
1.0,1.0,linear,linear,12,0.7943262411347518,0.3333333333333333
1.0,1.0,linear,linear,17,0.6595744680851063,0.32575757575757575
1.0,1.0,linear,rbf,7,0.8475177304964538,0.4473684210526316
1.0,1.0,linear,rbf,12,0.6950354609929078,0.41975308641975306
1.0,1.0,linear,rbf,17,0.6950354609929078,0.31343283582089554
1.0,1.0,linear,sigmoid,7,0.8156028368794326,0.6363636363636364
1.0,1.0,linear,sigmoid,12,0.6453900709219859,0.4457831325301205
1.0,1.0,linear,sigmoid,17,0.6382978723404256,0.4090909090909091
1.0,1.0,linear,poly,7,0.8297872340425532,0.18421052631578946
1.0,1.0,linear,poly,12,0.7446808510638298,0.30666666666666664
1.0,1.0,linear,poly,17,0.7198581560283688,0.1417910447761194
1.0,1.0,rbf,linear,7,0.851063829787234,0.46511627906976744
1.0,1.0,rbf,linear,12,0.7198581560283688,0.40229885057471265
1.0,1.0,rbf,linear,17,0.7446808510638298,0.3089430894308943
1.0,1.0,rbf,rbf,7,0.8156028368794326,0.5
1.0,1.0,rbf,rbf,12,0.7127659574468085,0.3333333333333333
1.0,1.0,rbf,rbf,17,0.7340425531914894,0.3798449612403101
1.0,1.0,rbf,sigmoid,7,0.8475177304964538,0.4878048780487805
1.0,1.0,rbf,sigmoid,12,0.7340425531914894,0.3855421686746988
1.0,1.0,rbf,sigmoid,17,0.6985815602836879,0.31851851851851853
1.0,1.0,rbf,poly,7,0.8581560283687943,0.2682926829268293
1.0,1.0,rbf,poly,12,0.74822695035461,0.29333333333333333
1.0,1.0,rbf,poly,17,0.7375886524822695,0.19696969696969696
1.0,1.0,sigmoid,linear,7,0.8617021276595744,0.48717948717948717
1.0,1.0,sigmoid,linear,12,0.7375886524822695,0.4936708860759494
1.0,1.0,sigmoid,linear,17,0.7021276595744681,0.3652173913043478
1.0,1.0,sigmoid,rbf,7,0.8404255319148937,0.43478260869565216
1.0,1.0,sigmoid,rbf,12,0.7127659574468085,0.3010752688172043
1.0,1.0,sigmoid,rbf,17,0.7056737588652482,0.3007518796992481
1.0,1.0,sigmoid,sigmoid,7,0.8900709219858156,0.5161290322580645
1.0,1.0,sigmoid,sigmoid,12,0.7624113475177305,0.5333333333333333
1.0,1.0,sigmoid,sigmoid,17,0.6950354609929078,0.3333333333333333
1.0,1.0,sigmoid,poly,7,0.8652482269503546,0.47368421052631576
1.0,1.0,sigmoid,poly,12,0.6773049645390071,0.21359223300970873
1.0,1.0,sigmoid,poly,17,0.7021276595744681,0.12195121951219512
1.0,1.0,poly,linear,7,0.8439716312056738,0.3181818181818182
1.0,1.0,poly,linear,12,0.6560283687943262,0.4158415841584158
1.0,1.0,poly,linear,17,0.7269503546099291,0.42748091603053434
1.0,1.0,poly,rbf,7,0.8581560283687943,0.6097560975609756
1.0,1.0,poly,rbf,12,0.7553191489361702,0.25675675675675674
1.0,1.0,poly,rbf,17,0.7943262411347518,0.24778761061946902
1.0,1.0,poly,sigmoid,7,0.8475177304964538,0.4318181818181818
1.0,1.0,poly,sigmoid,12,0.7021276595744681,0.38372093023255816
1.0,1.0,poly,sigmoid,17,0.7056737588652482,0.4307692307692308
1.0,1.0,poly,poly,7,0.8439716312056738,0.4888888888888889
1.0,1.0,poly,poly,12,0.7092198581560284,0.20238095238095238
1.0,1.0,poly,poly,17,0.7021276595744681,0.1678832116788321
1.0,2.0,linear,linear,7,0.875886524822695,0.32432432432432434
1.0,2.0,linear,linear,12,0.776595744680851,0.5
1.0,2.0,linear,linear,17,0.6914893617021277,0.3931034482758621
1.0,2.0,linear,rbf,7,0.8297872340425532,0.4583333333333333
1.0,2.0,linear,rbf,12,0.7056737588652482,0.4606741573033708
1.0,2.0,linear,rbf,17,0.7056737588652482,0.4230769230769231
1.0,2.0,linear,sigmoid,7,0.8333333333333334,0.4897959183673469
1.0,2.0,linear,sigmoid,12,0.7163120567375887,0.35064935064935066
1.0,2.0,linear,sigmoid,17,0.6985815602836879,0.3228346456692913
1.0,2.0,linear,poly,7,0.8156028368794326,0.2391304347826087
1.0,2.0,linear,poly,12,0.6914893617021277,0.24175824175824176
1.0,2.0,linear,poly,17,0.6950354609929078,0.13385826771653545
1.0,2.0,rbf,linear,7,0.8723404255319149,0.3333333333333333
1.0,2.0,rbf,linear,12,0.776595744680851,0.34782608695652173
1.0,2.0,rbf,linear,17,0.6808510638297872,0.362962962962963
1.0,2.0,rbf,rbf,7,0.8581560283687943,0.45
1.0,2.0,rbf,rbf,12,0.723404255319149,0.3888888888888889
1.0,2.0,rbf,rbf,17,0.75177304964539,0.3958333333333333
1.0,2.0,rbf,sigmoid,7,0.8900709219858156,0.3548387096774194
1.0,2.0,rbf,sigmoid,12,0.7801418439716312,0.3950617283950617
1.0,2.0,rbf,sigmoid,17,0.6808510638297872,0.3893129770992366
1.0,2.0,rbf,poly,7,0.8262411347517731,0.3469387755102041
1.0,2.0,rbf,poly,12,0.776595744680851,0.1518987341772152
1.0,2.0,rbf,poly,17,0.7624113475177305,0.1984126984126984
1.0,2.0,sigmoid,linear,7,0.8475177304964538,0.4883720930232558
1.0,2.0,sigmoid,linear,12,0.8049645390070922,0.36764705882352944
1.0,2.0,sigmoid,linear,17,0.6985815602836879,0.3880597014925373
1.0,2.0,sigmoid,rbf,7,0.8687943262411347,0.5675675675675675
1.0,2.0,sigmoid,rbf,12,0.7269503546099291,0.38823529411764707
1.0,2.0,sigmoid,rbf,17,0.7198581560283688,0.31007751937984496
1.0,2.0,sigmoid,sigmoid,7,0.8475177304964538,0.5348837209302325
1.0,2.0,sigmoid,sigmoid,12,0.7411347517730497,0.40963855421686746
1.0,2.0,sigmoid,sigmoid,17,0.7588652482269503,0.36496350364963503
1.0,2.0,sigmoid,poly,7,0.8687943262411347,0.4594594594594595
1.0,2.0,sigmoid,poly,12,0.723404255319149,0.25
1.0,2.0,sigmoid,poly,17,0.7198581560283688,0.1953125
1.0,2.0,poly,linear,7,0.8546099290780141,0.38095238095238093
1.0,2.0,poly,linear,12,0.7446808510638298,0.42105263157894735
1.0,2.0,poly,linear,17,0.74822695035461,0.4580152671755725
1.0,2.0,poly,rbf,7,0.8581560283687943,0.425
1.0,2.0,poly,rbf,12,0.6950354609929078,0.3655913978494624
1.0,2.0,poly,rbf,17,0.7198581560283688,0.4
1.0,2.0,poly,sigmoid,7,0.8404255319148937,0.4444444444444444
1.0,2.0,poly,sigmoid,12,0.7269503546099291,0.2911392405063291
1.0,2.0,poly,sigmoid,17,0.7056737588652482,0.3937007874015748
1.0,2.0,poly,poly,7,0.8617021276595744,0.4
1.0,2.0,poly,poly,12,0.6737588652482269,0.22826086956521738
1.0,2.0,poly,poly,17,0.7269503546099291,0.2047244094488189
2.0,0.1,linear,linear,7,0.8475177304964538,0.46511627906976744
2.0,0.1,linear,linear,12,0.7056737588652482,0.38461538461538464
2.0,0.1,linear,linear,17,0.6276595744680851,0.33986928104575165
2.0,0.1,linear,rbf,7,0.875886524822695,0.17142857142857143
2.0,0.1,linear,rbf,12,0.7269503546099291,0.06666666666666667
2.0,0.1,linear,rbf,17,0.7198581560283688,0.03875968992248062
2.0,0.1,linear,sigmoid,7,0.8333333333333334,0.15555555555555556
2.0,0.1,linear,sigmoid,12,0.7588652482269503,0.12643678160919541
2.0,0.1,linear,sigmoid,17,0.7340425531914894,0.07857142857142857
2.0,0.1,linear,poly,7,0.8404255319148937,0.14285714285714285
2.0,0.1,linear,poly,12,0.7411347517730497,0.08974358974358974
2.0,0.1,linear,poly,17,0.6914893617021277,0.043795620437956206
2.0,0.1,rbf,linear,7,0.8475177304964538,0.425531914893617
2.0,0.1,rbf,linear,12,0.74822695035461,0.3953488372093023
2.0,0.1,rbf,linear,17,0.7092198581560284,0.3787878787878788
2.0,0.1,rbf,rbf,7,0.8617021276595744,0.16216216216216217
2.0,0.1,rbf,rbf,12,0.7801418439716312,0.10588235294117647
2.0,0.1,rbf,rbf,17,0.6950354609929078,0.03937007874015748
2.0,0.1,rbf,sigmoid,7,0.8546099290780141,0.11363636363636363
2.0,0.1,rbf,sigmoid,12,0.7872340425531915,0.1
2.0,0.1,rbf,sigmoid,17,0.7375886524822695,0.03125
2.0,0.1,rbf,poly,7,0.8226950354609929,0.07407407407407407
2.0,0.1,rbf,poly,12,0.7659574468085106,0.1125
2.0,0.1,rbf,poly,17,0.6843971631205674,0.05223880597014925
2.0,0.1,sigmoid,linear,7,0.8333333333333334,0.5
2.0,0.1,sigmoid,linear,12,0.7198581560283688,0.4536082474226804
2.0,0.1,sigmoid,linear,17,0.6879432624113475,0.3790322580645161
2.0,0.1,sigmoid,rbf,7,0.8368794326241135,0.19148936170212766
2.0,0.1,sigmoid,rbf,12,0.7056737588652482,0.10126582278481013
2.0,0.1,sigmoid,rbf,17,0.7163120567375887,0.064
2.0,0.1,sigmoid,sigmoid,7,0.8546099290780141,0.0975609756097561
2.0,0.1,sigmoid,sigmoid,12,0.75177304964539,0.08536585365853659
2.0,0.1,sigmoid,sigmoid,17,0.6950354609929078,0.07258064516129033
2.0,0.1,sigmoid,poly,7,0.8581560283687943,0.2
2.0,0.1,sigmoid,poly,12,0.7943262411347518,0.13157894736842105
2.0,0.1,sigmoid,poly,17,0.7375886524822695,0.11267605633802817
2.0,0.1,poly,linear,7,0.8652482269503546,0.4864864864864865
2.0,0.1,poly,linear,12,0.723404255319149,0.4074074074074074
2.0,0.1,poly,linear,17,0.7446808510638298,0.4251968503937008
2.0,0.1,poly,rbf,7,0.8652482269503546,0.2
2.0,0.1,poly,rbf,12,0.7198581560283688,0.11235955056179775
2.0,0.1,poly,rbf,17,0.7092198581560284,0.04580152671755725
2.0,0.1,poly,sigmoid,7,0.8333333333333334,0.14285714285714285
2.0,0.1,poly,sigmoid,12,0.7943262411347518,0.07575757575757576
2.0,0.1,poly,sigmoid,17,0.6843971631205674,0.05
2.0,0.1,poly,poly,7,0.8475177304964538,0.20454545454545456
2.0,0.1,poly,poly,12,0.7127659574468085,0.036585365853658534
2.0,0.1,poly,poly,17,0.7304964539007093,0.08148148148148149
2.0,1.0,linear,linear,7,0.8652482269503546,0.5428571428571428
2.0,1.0,linear,linear,12,0.7304964539007093,0.36486486486486486
2.0,1.0,linear,linear,17,0.6276595744680851,0.3448275862068966
2.0,1.0,linear,rbf,7,0.8120567375886525,0.38
2.0,1.0,linear,rbf,12,0.6666666666666666,0.3614457831325301
2.0,1.0,linear,rbf,17,0.6560283687943262,0.3591549295774648
2.0,1.0,linear,sigmoid,7,0.8900709219858156,0.4
2.0,1.0,linear,sigmoid,12,0.7375886524822695,0.3835616438356164
2.0,1.0,linear,sigmoid,17,0.5886524822695035,0.4153846153846154
2.0,1.0,linear,poly,7,0.8617021276595744,0.23076923076923078
2.0,1.0,linear,poly,12,0.6985815602836879,0.24096385542168675
2.0,1.0,linear,poly,17,0.6773049645390071,0.12142857142857143
2.0,1.0,rbf,linear,7,0.8900709219858156,0.2647058823529412
2.0,1.0,rbf,linear,12,0.6950354609929078,0.3103448275862069
2.0,1.0,rbf,linear,17,0.6879432624113475,0.34074074074074073
2.0,1.0,rbf,rbf,7,0.8652482269503546,0.5121951219512195
2.0,1.0,rbf,rbf,12,0.7446808510638298,0.3684210526315789
2.0,1.0,rbf,rbf,17,0.7340425531914894,0.376
2.0,1.0,rbf,sigmoid,7,0.8297872340425532,0.46153846153846156
2.0,1.0,rbf,sigmoid,12,0.7127659574468085,0.47368421052631576
2.0,1.0,rbf,sigmoid,17,0.7340425531914894,0.36220472440944884
2.0,1.0,rbf,poly,7,0.8900709219858156,0.25
2.0,1.0,rbf,poly,12,0.7624113475177305,0.32941176470588235
2.0,1.0,rbf,poly,17,0.7304964539007093,0.13953488372093023
2.0,1.0,sigmoid,linear,7,0.8475177304964538,0.37209302325581395
2.0,1.0,sigmoid,linear,12,0.7588652482269503,0.44285714285714284
2.0,1.0,sigmoid,linear,17,0.7127659574468085,0.4
2.0,1.0,sigmoid,rbf,7,0.8581560283687943,0.6666666666666666
2.0,1.0,sigmoid,rbf,12,0.7588652482269503,0.38461538461538464
2.0,1.0,sigmoid,rbf,17,0.6879432624113475,0.3904109589041096
2.0,1.0,sigmoid,sigmoid,7,0.8581560283687943,0.4634146341463415
2.0,1.0,sigmoid,sigmoid,12,0.7198581560283688,0.4166666666666667
2.0,1.0,sigmoid,sigmoid,17,0.6631205673758865,0.44525547445255476
2.0,1.0,sigmoid,poly,7,0.7978723404255319,0.3508771929824561
2.0,1.0,sigmoid,poly,12,0.7553191489361702,0.2875
2.0,1.0,sigmoid,poly,17,0.6914893617021277,0.1984732824427481
2.0,1.0,poly,linear,7,0.8865248226950354,0.5172413793103449
2.0,1.0,poly,linear,12,0.7695035460992907,0.375
2.0,1.0,poly,linear,17,0.7340425531914894,0.3684210526315789
2.0,1.0,poly,rbf,7,0.8829787234042553,0.38235294117647056
2.0,1.0,poly,rbf,12,0.74822695035461,0.3150684931506849
2.0,1.0,poly,rbf,17,0.6879432624113475,0.36885245901639346
2.0,1.0,poly,sigmoid,7,0.8546099290780141,0.38461538461538464
2.0,1.0,poly,sigmoid,12,0.7021276595744681,0.3448275862068966
2.0,1.0,poly,sigmoid,17,0.7304964539007093,0.39705882352941174
2.0,1.0,poly,poly,7,0.8723404255319149,0.35135135135135137
2.0,1.0,poly,poly,12,0.7092198581560284,0.21951219512195122
2.0,1.0,poly,poly,17,0.75177304964539,0.2125984251968504
2.0,2.0,linear,linear,7,0.8085106382978723,0.4444444444444444
2.0,2.0,linear,linear,12,0.6737588652482269,0.44871794871794873
2.0,2.0,linear,linear,17,0.6382978723404256,0.4154929577464789
2.0,2.0,linear,rbf,7,0.8191489361702128,0.4489795918367347
2.0,2.0,linear,rbf,12,0.7092198581560284,0.3875
2.0,2.0,linear,rbf,17,0.6595744680851063,0.408
2.0,2.0,linear,sigmoid,7,0.851063829787234,0.4722222222222222
2.0,2.0,linear,sigmoid,12,0.7056737588652482,0.47619047619047616
2.0,2.0,linear,sigmoid,17,0.6276595744680851,0.3925925925925926
2.0,2.0,linear,poly,7,0.8226950354609929,0.3269230769230769
2.0,2.0,linear,poly,12,0.7304964539007093,0.21686746987951808
2.0,2.0,linear,poly,17,0.6950354609929078,0.16666666666666666
2.0,2.0,rbf,linear,7,0.8368794326241135,0.35555555555555557
2.0,2.0,rbf,linear,12,0.7269503546099291,0.37349397590361444
2.0,2.0,rbf,linear,17,0.7056737588652482,0.3875968992248062
2.0,2.0,rbf,rbf,7,0.8191489361702128,0.5925925925925926
2.0,2.0,rbf,rbf,12,0.7198581560283688,0.4044943820224719
2.0,2.0,rbf,rbf,17,0.6985815602836879,0.41134751773049644
2.0,2.0,rbf,sigmoid,7,0.8333333333333334,0.4
2.0,2.0,rbf,sigmoid,12,0.7624113475177305,0.32222222222222224
2.0,2.0,rbf,sigmoid,17,0.6950354609929078,0.3233082706766917
2.0,2.0,rbf,poly,7,0.8475177304964538,0.3181818181818182
2.0,2.0,rbf,poly,12,0.7801418439716312,0.25333333333333335
2.0,2.0,rbf,poly,17,0.7304964539007093,0.2578125
2.0,2.0,sigmoid,linear,7,0.8865248226950354,0.42424242424242425
2.0,2.0,sigmoid,linear,12,0.7553191489361702,0.4461538461538462
2.0,2.0,sigmoid,linear,17,0.7021276595744681,0.3333333333333333
2.0,2.0,sigmoid,rbf,7,0.8617021276595744,0.3333333333333333
2.0,2.0,sigmoid,rbf,12,0.75177304964539,0.5555555555555556
2.0,2.0,sigmoid,rbf,17,0.6950354609929078,0.48333333333333334
2.0,2.0,sigmoid,sigmoid,7,0.875886524822695,0.4117647058823529
2.0,2.0,sigmoid,sigmoid,12,0.75177304964539,0.4117647058823529
2.0,2.0,sigmoid,sigmoid,17,0.7056737588652482,0.358974358974359
2.0,2.0,sigmoid,poly,7,0.8617021276595744,0.358974358974359
2.0,2.0,sigmoid,poly,12,0.7198581560283688,0.2564102564102564
2.0,2.0,sigmoid,poly,17,0.7446808510638298,0.17777777777777778
2.0,2.0,poly,linear,7,0.8546099290780141,0.4878048780487805
2.0,2.0,poly,linear,12,0.7127659574468085,0.42696629213483145
2.0,2.0,poly,linear,17,0.7340425531914894,0.33076923076923076
2.0,2.0,poly,rbf,7,0.8617021276595744,0.5238095238095238
2.0,2.0,poly,rbf,12,0.7375886524822695,0.40229885057471265
2.0,2.0,poly,rbf,17,0.6773049645390071,0.4
2.0,2.0,poly,sigmoid,7,0.8297872340425532,0.5098039215686274
2.0,2.0,poly,sigmoid,12,0.7021276595744681,0.4318181818181818
2.0,2.0,poly,sigmoid,17,0.7269503546099291,0.3384615384615385
2.0,2.0,poly,poly,7,0.8581560283687943,0.43902439024390244
2.0,2.0,poly,poly,12,0.74822695035461,0.18072289156626506
2.0,2.0,poly,poly,17,0.7411347517730497,0.19402985074626866
